indicator_id,country_id,year,value,magnitude,qualifier,indicator_desc
SCHBSP.2T3.WCOMPUT,EST,2010,100,NA,NA,Proportion of secondary schools with access to computers for pedagogical purposes (%)
SCHBSP.2T3.WCOMPUT,EST,2011,100,NA,NA,Proportion of secondary schools with access to computers for pedagogical purposes (%)
SCHBSP.2T3.WCOMPUT,EST,2012,100,NA,NA,Proportion of secondary schools with access to computers for pedagogical purposes (%)
SCHBSP.2T3.WCOMPUT,EST,2013,100,NA,NA,Proportion of secondary schools with access to computers for pedagogical purposes (%)
SCHBSP.2T3.WCOMPUT,EST,2014,100,NA,NA,Proportion of secondary schools with access to computers for pedagogical purposes (%)
SCHBSP.2T3.WCOMPUT,EST,2015,100,NA,NA,Proportion of secondary schools with access to computers for pedagogical purposes (%)
SCHBSP.2T3.WCOMPUT,EST,2016,100,NA,NA,Proportion of secondary schools with access to computers for pedagogical purposes (%)
SCHBSP.2T3.WCOMPUT,EST,2017,100,NA,NA,Proportion of secondary schools with access to computers for pedagogical purposes (%)
SCHBSP.2T3.WCOMPUT,EST,2018,100,NA,NA,Proportion of secondary schools with access to computers for pedagogical purposes (%)
SCHBSP.2T3.WCOMPUT,EST,2019,100,NA,NA,Proportion of secondary schools with access to computers for pedagogical purposes (%)
SCHBSP.2T3.WCOMPUT,EST,2020,100,NA,NA,Proportion of secondary schools with access to computers for pedagogical purposes (%)
SCHBSP.2T3.WCOMPUT,EST,2021,100,NA,NA,Proportion of secondary schools with access to computers for pedagogical purposes (%)
SCHBSP.2T3.WCOMPUT,EST,2022,98.03275299,NA,NA,Proportion of secondary schools with access to computers for pedagogical purposes (%)
SCHBSP.2T3.WCOMPUT,NPL,2011,4.213759899,NA,NA,Proportion of secondary schools with access to computers for pedagogical purposes (%)
SCHBSP.2T3.WCOMPUT,NPL,2020,70.77497101,NA,NA,Proportion of secondary schools with access to computers for pedagogical purposes (%)
SCHBSP.2T3.WCOMPUT,NPL,2023,46.94420453,NA,NA,Proportion of secondary schools with access to computers for pedagogical purposes (%)
SCHBSP.2T3.WCOMPUT,NPL,2024,58.16804782,NA,NA,Proportion of secondary schools with access to computers for pedagogical purposes (%)
SCHBSP.2T3.WCOMPUT,SLE,2017,21.44622991,NA,NA,Proportion of secondary schools with access to computers for pedagogical purposes (%)
SCHBSP.2T3.WCOMPUT,SLE,2018,15.34090909,NA,NA,Proportion of secondary schools with access to computers for pedagogical purposes (%)
SCHBSP.2T3.WCOMPUT,SLE,2019,10.59397163,NA,NA,Proportion of secondary schools with access to computers for pedagogical purposes (%)
SCHBSP.2T3.WCOMPUT,SLE,2020,10,NA,NA,Proportion of secondary schools with access to computers for pedagogical purposes (%)
SCHBSP.2T3.WCOMPUT,SLE,2021,6.460980036,NA,NA,Proportion of secondary schools with access to computers for pedagogical purposes (%)
SCHBSP.2T3.WCOMPUT,SLE,2022,8.037196945,NA,NA,Proportion of secondary schools with access to computers for pedagogical purposes (%)
SCHBSP.2T3.WCOMPUT,SLE,2023,8.70215311,NA,NA,Proportion of secondary schools with access to computers for pedagogical purposes (%)
SCHBSP.2T3.WCOMPUT,USA,2012,100,NA,NA,Proportion of secondary schools with access to computers for pedagogical purposes (%)
SCHBSP.2T3.WCOMPUT,USA,2015,100,NA,NA,Proportion of secondary schools with access to computers for pedagogical purposes (%)
SCHBSP.2T3.WCOMPUT,USA,2018,100,NA,NA,Proportion of secondary schools with access to computers for pedagogical purposes (%)
SCHBSP.2T3.WCOMPUT,USA,2019,100,NA,NA,Proportion of secondary schools with access to computers for pedagogical purposes (%)
SCHBSP.2T3.WCOMPUT,USA,2022,100,NA,NA,Proportion of secondary schools with access to computers for pedagogical purposes (%)
SCHBSP.1.WCOMPUT,EST,2011,100,NA,NA,Proportion of primary schools with access to computers for pedagogical purposes (%)
SCHBSP.1.WCOMPUT,EST,2012,100,NA,NA,Proportion of primary schools with access to computers for pedagogical purposes (%)
SCHBSP.1.WCOMPUT,EST,2013,100,NA,NA,Proportion of primary schools with access to computers for pedagogical purposes (%)
SCHBSP.1.WCOMPUT,EST,2014,100,NA,NA,Proportion of primary schools with access to computers for pedagogical purposes (%)
SCHBSP.1.WCOMPUT,EST,2015,100,NA,NA,Proportion of primary schools with access to computers for pedagogical purposes (%)
SCHBSP.1.WCOMPUT,EST,2016,100,NA,NA,Proportion of primary schools with access to computers for pedagogical purposes (%)
SCHBSP.1.WCOMPUT,EST,2017,100,NA,NA,Proportion of primary schools with access to computers for pedagogical purposes (%)
SCHBSP.1.WCOMPUT,EST,2018,100,NA,NA,Proportion of primary schools with access to computers for pedagogical purposes (%)
SCHBSP.1.WCOMPUT,EST,2019,100,NA,NA,Proportion of primary schools with access to computers for pedagogical purposes (%)
SCHBSP.1.WCOMPUT,EST,2020,100,NA,NA,Proportion of primary schools with access to computers for pedagogical purposes (%)
SCHBSP.1.WCOMPUT,EST,2021,100,NA,NA,Proportion of primary schools with access to computers for pedagogical purposes (%)
SCHBSP.1.WCOMPUT,NPL,2011,0.3396199942,NA,NA,Proportion of primary schools with access to computers for pedagogical purposes (%)
SCHBSP.1.WCOMPUT,NPL,2020,31.62532043,NA,NA,Proportion of primary schools with access to computers for pedagogical purposes (%)
SCHBSP.1.WCOMPUT,NPL,2022,12.06354749,NA,NA,Proportion of primary schools with access to computers for pedagogical purposes (%)
SCHBSP.1.WCOMPUT,NPL,2023,19.15232995,NA,NA,Proportion of primary schools with access to computers for pedagogical purposes (%)
SCHBSP.1.WCOMPUT,NPL,2024,27.28449246,NA,NA,Proportion of primary schools with access to computers for pedagogical purposes (%)
SCHBSP.1.WCOMPUT,SLE,2017,2.662721893,NA,NA,Proportion of primary schools with access to computers for pedagogical purposes (%)
SCHBSP.1.WCOMPUT,SLE,2018,2.570694087,NA,NA,Proportion of primary schools with access to computers for pedagogical purposes (%)
SCHBSP.1.WCOMPUT,SLE,2019,1.817165222,NA,NA,Proportion of primary schools with access to computers for pedagogical purposes (%)
SCHBSP.1.WCOMPUT,SLE,2020,1.595441595,NA,NA,Proportion of primary schools with access to computers for pedagogical purposes (%)
SCHBSP.1.WCOMPUT,SLE,2021,1.009557141,NA,NA,Proportion of primary schools with access to computers for pedagogical purposes (%)
SCHBSP.1.WCOMPUT,SLE,2022,1.634512326,NA,NA,Proportion of primary schools with access to computers for pedagogical purposes (%)
SCHBSP.1.WCOMPUT,SLE,2023,1.539482415,NA,NA,Proportion of primary schools with access to computers for pedagogical purposes (%)
SCHBSP.1.WCOMPUT,USA,2015,100,NA,NA,Proportion of primary schools with access to computers for pedagogical purposes (%)
SCHBSP.1.WCOMPUT,USA,2016,73.59816742,NA,NA,Proportion of primary schools with access to computers for pedagogical purposes (%)
SCHBSP.1.WCOMPUT,USA,2019,100,NA,NA,Proportion of primary schools with access to computers for pedagogical purposes (%)
SCHBSP.3.WELEC,EST,2014,100,NA,NA,
SCHBSP.3.WELEC,EST,2015,100,NA,NA,
SCHBSP.3.WELEC,EST,2016,100,NA,NA,
SCHBSP.3.WELEC,EST,2017,100,NA,NA,
SCHBSP.3.WELEC,EST,2018,100,NA,NA,
SCHBSP.3.WELEC,EST,2019,100,NA,NA,
SCHBSP.3.WELEC,EST,2020,100,NA,NA,
SCHBSP.3.WELEC,EST,2021,100,NA,NA,
SCHBSP.3.WELEC,NPL,2020,86.3859024,NA,NA,
SCHBSP.3.WELEC,NPL,2021,80.03481521,NA,NA,
SCHBSP.3.WELEC,NPL,2022,76.63773413,NA,NA,
SCHBSP.3.WELEC,NPL,2023,76.86165441,NA,NA,
SCHBSP.3.WELEC,NPL,2024,77.30677712,NA,NA,
SCHBSP.3.WELEC,SLE,2017,25.43640898,NA,NA,
SCHBSP.3.WELEC,SLE,2018,33.73493976,NA,NA,
SCHBSP.3.WELEC,SLE,2019,55.21669342,NA,NA,
SCHBSP.3.WELEC,SLE,2020,55.625,NA,NA,
SCHBSP.3.WELEC,SLE,2021,51.45631068,NA,NA,
SCHBSP.3.WELEC,SLE,2022,52.04301075,NA,NA,
SCHBSP.3.WELEC,USA,2015,100,NA,NA,
SCHBSP.3.WELEC,USA,2019,100,NA,NA,
SCHBSP.2.WELEC,EST,2014,100,NA,NA,
SCHBSP.2.WELEC,EST,2015,100,NA,NA,
SCHBSP.2.WELEC,EST,2016,100,NA,NA,
SCHBSP.2.WELEC,EST,2017,100,NA,NA,
SCHBSP.2.WELEC,EST,2018,100,NA,NA,
SCHBSP.2.WELEC,EST,2019,100,NA,NA,
SCHBSP.2.WELEC,EST,2020,100,NA,NA,
SCHBSP.2.WELEC,EST,2021,100,NA,NA,
SCHBSP.2.WELEC,NPL,2020,77.71634674,NA,NA,
SCHBSP.2.WELEC,NPL,2023,33.50188213,NA,NA,
SCHBSP.2.WELEC,NPL,2024,72.61977123,NA,NA,
SCHBSP.2.WELEC,SLE,2017,15.36565325,NA,NA,
SCHBSP.2.WELEC,SLE,2018,17.50489876,NA,NA,
SCHBSP.2.WELEC,SLE,2019,34.90508267,NA,NA,
SCHBSP.2.WELEC,SLE,2020,36.125,NA,NA,
SCHBSP.2.WELEC,SLE,2021,32.31486277,NA,NA,
SCHBSP.2.WELEC,SLE,2022,38.6352715,NA,NA,
SCHBSP.2.WELEC,USA,2015,100,NA,NA,
SCHBSP.2.WELEC,USA,2019,100,NA,NA,
SCHBSP.1.WELEC,EST,2014,100,NA,NA,
SCHBSP.1.WELEC,EST,2015,100,NA,NA,
SCHBSP.1.WELEC,EST,2016,100,NA,NA,
SCHBSP.1.WELEC,EST,2017,100,NA,NA,
SCHBSP.1.WELEC,EST,2018,100,NA,NA,
SCHBSP.1.WELEC,EST,2019,100,NA,NA,
SCHBSP.1.WELEC,EST,2020,100,NA,NA,
SCHBSP.1.WELEC,EST,2021,100,NA,NA,
SCHBSP.1.WELEC,NPL,2020,50.31404114,NA,NA,
SCHBSP.1.WELEC,NPL,2023,46.67881964,NA,NA,
SCHBSP.1.WELEC,NPL,2024,59.81318929,NA,NA,
SCHBSP.1.WELEC,SLE,2017,4.204297727,NA,NA,
SCHBSP.1.WELEC,SLE,2018,5.612682091,NA,NA,
SCHBSP.1.WELEC,SLE,2019,13.04165502,NA,NA,
SCHBSP.1.WELEC,SLE,2020,13.96011396,NA,NA,
SCHBSP.1.WELEC,SLE,2021,15.70870911,NA,NA,
SCHBSP.1.WELEC,SLE,2022,15.30010718,NA,NA,
SCHBSP.1.WELEC,SLE,2023,15.16921035,NA,NA,
SCHBSP.1.WELEC,USA,2015,100,NA,NA,
SCHBSP.1.WELEC,USA,2019,100,NA,NA,
ROFST.1T3.CP,EST,2014,3.050149918,NA,NAT_EST,
ROFST.1T3.CP,EST,2015,3.38251996,NA,NAT_EST,
ROFST.1T3.CP,EST,2016,3.292229891,NA,NAT_EST,
ROFST.1T3.CP,EST,2017,3.354000092,NA,NAT_EST,
ROFST.1T3.CP,EST,2018,3.329550028,NA,NAT_EST,
ROFST.1T3.CP,EST,2019,3.270620108,NA,NAT_EST,
ROFST.1T3.CP,EST,2020,3.245100021,NA,NAT_EST,
ROFST.1T3.CP,EST,2021,3.084409952,NA,NAT_EST,
ROFST.1T3.CP,EST,2022,2.795670033,NA,NAT_EST,
ROFST.1T3.CP,NPL,2016,11.29393005,NA,NA,
ROFST.1T3.CP,NPL,2017,10.75634003,NA,NA,
ROFST.1T3.CP,NPL,2021,12.76381499,NA,NA,
ROFST.1T3.CP,NPL,2022,10.67852102,NA,NA,
ROFST.1T3.CP,NPL,2023,9.038330584,NA,NA,
ROFST.1T3.CP,NPL,2024,9.608446448,NA,NA,
ROFST.1T3.CP,SLE,2013,29.02084717,NA,NA,
ROFST.1T3.CP,SLE,2015,28.51941363,NA,NA,
ROFST.1T3.CP,SLE,2016,27.80096495,NA,NA,
ROFST.1T3.CP,SLE,2017,27.5643692,NA,NA,
ROFST.1T3.CP,SLE,2018,31.40634918,NA,NA,
ROFST.1T3.CP,SLE,2019,22.73579979,NA,UIS_EST,
ROFST.1T3.CP,SLE,2020,22.02152061,NA,UIS_EST,
ROFST.1T3.CP,USA,2020,1.783939958,NA,NAT_EST,
ROFST.1T3.CP,USA,2021,2.607919931,NA,NAT_EST,
ROFST.1T3.CP,USA,2022,3.441910028,NA,NAT_EST,
ROFST.1T3.F.CP,EST,2014,2.772599936,NA,NAT_EST,
ROFST.1T3.F.CP,EST,2015,3.089709997,NA,NAT_EST,
ROFST.1T3.F.CP,EST,2016,3.044889927,NA,NAT_EST,
ROFST.1T3.F.CP,EST,2017,3.150110006,NA,NAT_EST,
ROFST.1T3.F.CP,EST,2018,3.17298007,NA,NAT_EST,
ROFST.1T3.F.CP,EST,2019,3.100739956,NA,NAT_EST,
ROFST.1T3.F.CP,EST,2020,3.084379911,NA,NAT_EST,
ROFST.1T3.F.CP,EST,2021,2.89861989,NA,NAT_EST,
ROFST.1T3.F.CP,EST,2022,2.655970097,NA,NAT_EST,
ROFST.1T3.F.CP,NPL,2016,9.434029579,NA,NA,
ROFST.1T3.F.CP,NPL,2017,8.841079712,NA,NA,
ROFST.1T3.F.CP,SLE,2013,29.08011055,NA,UIS_EST,
ROFST.1T3.F.CP,SLE,2015,27.92401285,NA,NA,
ROFST.1T3.F.CP,SLE,2017,26.31871986,NA,NA,
ROFST.1T3.F.CP,SLE,2018,30.18219948,NA,NA,
ROFST.1T3.F.CP,SLE,2019,21.57810974,NA,UIS_EST,
ROFST.1T3.F.CP,SLE,2020,20.50127029,NA,UIS_EST,
ROFST.1T3.F.CP,USA,2020,1.886989951,NA,NAT_EST,
ROFST.1T3.F.CP,USA,2021,2.14538002,NA,NAT_EST,
ROFST.1T3.F.CP,USA,2022,2.833610058,NA,NAT_EST,
ROFST.1T3.M.CP,EST,2014,3.311700106,NA,NAT_EST,
ROFST.1T3.M.CP,EST,2015,3.658689976,NA,NAT_EST,
ROFST.1T3.M.CP,EST,2016,3.52583003,NA,NAT_EST,
ROFST.1T3.M.CP,EST,2017,3.547260046,NA,NAT_EST,
ROFST.1T3.M.CP,EST,2018,3.477920055,NA,NAT_EST,
ROFST.1T3.M.CP,EST,2019,3.43144989,NA,NAT_EST,
ROFST.1T3.M.CP,EST,2020,3.397809982,NA,NAT_EST,
ROFST.1T3.M.CP,EST,2021,3.261499882,NA,NAT_EST,
ROFST.1T3.M.CP,EST,2022,2.92869997,NA,NAT_EST,
ROFST.1T3.M.CP,NPL,2016,13.11151981,NA,NA,
ROFST.1T3.M.CP,NPL,2017,12.6232996,NA,NA,
ROFST.1T3.M.CP,SLE,2013,28.92436028,NA,UIS_EST,
ROFST.1T3.M.CP,SLE,2015,29.10082062,NA,NA,
ROFST.1T3.M.CP,SLE,2017,28.78145027,NA,NA,
ROFST.1T3.M.CP,SLE,2018,32.60284042,NA,NA,
ROFST.1T3.M.CP,SLE,2019,23.86795998,NA,UIS_EST,
ROFST.1T3.M.CP,SLE,2020,23.50909996,NA,UIS_EST,
ROFST.1T3.M.CP,USA,2020,1.685160041,NA,NAT_EST,
ROFST.1T3.M.CP,USA,2021,3.051079988,NA,NAT_EST,
ROFST.1T3.M.CP,USA,2022,4.021719933,NA,NAT_EST,
N.ATTACKS,NPL,2013,2,NA,NA,
N.ATTACKS,NPL,2014,1,NA,NA,
N.ATTACKS,NPL,2015,2,NA,NA,
N.ATTACKS,NPL,2016,7,NA,NA,
N.ATTACKS,NPL,2017,24,NA,NA,
N.ATTACKS,NPL,2018,0,NA,NA,
N.ATTACKS,NPL,2019,12,NA,NA,
N.ATTACKS,NPL,2020,3,NA,NA,
N.ATTACKS,NPL,2021,1,NA,NA,
N.ATTACKS,NPL,2022,10,NA,NA,
N.ATTACKS,NPL,2023,9,NA,NA,
N.ATTACKS,SLE,2013,2,NA,NA,
N.ATTACKS,SLE,2014,0,NA,NA,
N.ATTACKS,SLE,2015,0,NA,NA,
N.ATTACKS,SLE,2016,0,NA,NA,
N.ATTACKS,SLE,2017,2,NA,NA,
N.ATTACKS,SLE,2018,0,NA,NA,
N.ATTACKS,SLE,2019,1,NA,NA,
N.ATTACKS,SLE,2020,2,NA,NA,
N.ATTACKS,SLE,2021,3,NA,NA,
PER.BULLIED.2,EST,2014,37.95999908,NA,NA,
PER.BULLIED.2,EST,2018,55.23110962,NA,NA,
PER.BULLIED.2,EST,2022,62.91976929,NA,NA,
PER.BULLIED.2,NPL,2015,50.59999847,NA,NA,
PER.BULLIED.2,USA,2009,27.89999962,NA,NA,
PER.BULLIED.2,USA,2015,76.70974731,NA,NA,
PER.BULLIED.2,USA,2018,56.89670944,NA,NA,
PER.BULLIED.2,USA,2019,80.60764313,NA,NA,
PER.BULLIED.2,USA,2022,54.03314972,NA,NA,
PER.BULLIED.2.F,EST,2014,36.93000031,NA,NA,
PER.BULLIED.2.F,EST,2018,51.65121841,NA,NA,
PER.BULLIED.2.F,EST,2022,61.01768112,NA,NA,
PER.BULLIED.2.F,NPL,2015,45.40000153,NA,NA,
PER.BULLIED.2.F,USA,2009,27.40999985,NA,NA,
PER.BULLIED.2.F,USA,2015,78.48193359,NA,NA,
PER.BULLIED.2.F,USA,2018,58.10868835,NA,NA,
PER.BULLIED.2.F,USA,2019,83.82437134,NA,NA,
PER.BULLIED.2.F,USA,2022,56.67560959,NA,NA,
PER.BULLIED.2.M,EST,2014,38.99000168,NA,NA,
PER.BULLIED.2.M,EST,2018,58.8728981,NA,NA,
PER.BULLIED.2.M,EST,2022,64.72109222,NA,NA,
PER.BULLIED.2.M,NPL,2015,56.20000076,NA,NA,
PER.BULLIED.2.M,USA,2009,28.35000038,NA,NA,
PER.BULLIED.2.M,USA,2015,74.92685699,NA,NA,
PER.BULLIED.2.M,USA,2018,55.70318985,NA,NA,
PER.BULLIED.2.M,USA,2019,77.37696075,NA,NA,
PER.BULLIED.2.M,USA,2022,51.29071045,NA,NA,
PER.BULLIED.2.NONNATIVE,EST,2014,48.93999863,NA,NA,
PER.BULLIED.1,USA,2015,78.03069305,NA,NA,
PER.BULLIED.1,USA,2016,76.97447968,NA,NA,
PER.BULLIED.1,USA,2019,75.83255768,NA,NA,
PER.BULLIED.1,USA,2021,75.05750275,NA,NA,
PER.BULLIED.1.F,USA,2015,77.66288757,NA,NA,
PER.BULLIED.1.F,USA,2016,76.75588989,NA,NA,
PER.BULLIED.1.F,USA,2019,74.70336914,NA,NA,
PER.BULLIED.1.F,USA,2021,72.42133331,NA,NA,
PER.BULLIED.1.M,USA,2015,78.41294098,NA,NA,
PER.BULLIED.1.M,USA,2016,77.1908493,NA,NA,
PER.BULLIED.1.M,USA,2019,76.92381287,NA,NA,
PER.BULLIED.1.M,USA,2021,77.95852661,NA,NA,
EA.3T8.AG25T99,EST,1989,58.77999878,NA,NA,
EA.3T8.AG25T99,EST,2000,71.45999908,NA,NA,
EA.3T8.AG25T99,EST,2006,84.91999817,NA,NA,
EA.3T8.AG25T99,EST,2007,85.69999695,NA,NA,
EA.3T8.AG25T99,EST,2008,85.31999969,NA,NA,
EA.3T8.AG25T99,EST,2009,85.68000031,NA,NA,
EA.3T8.AG25T99,EST,2010,86.45999908,NA,NA,
EA.3T8.AG25T99,EST,2011,86.55000305,NA,NA,
EA.3T8.AG25T99,EST,2012,87.25,NA,NA,
EA.3T8.AG25T99,EST,2013,88.44000244,NA,NA,
EA.3T8.AG25T99,EST,2014,85.94999695,NA,NA,
EA.3T8.AG25T99,EST,2015,86.55999756,NA,NA,
EA.3T8.AG25T99,EST,2016,86.88999939,NA,NA,
EA.3T8.AG25T99,EST,2017,86.95999908,NA,NA,
EA.3T8.AG25T99,EST,2018,87.62999725,NA,NA,
EA.3T8.AG25T99,EST,2019,88.40756851,NA,UIS_EST,
EA.3T8.AG25T99,EST,2020,85.76000214,NA,NA,
EA.3T8.AG25T99,EST,2021,85.84083406,NA,UIS_EST,
EA.3T8.AG25T99,EST,2022,86.47147197,NA,UIS_EST,
EA.3T8.AG25T99,NPL,1971,0.5400000215,NA,NA,
EA.3T8.AG25T99,NPL,2001,16.94000053,NA,NA,
EA.3T8.AG25T99,NPL,2011,16.57999992,NA,NA,
EA.3T8.AG25T99,NPL,2017,25.80808458,NA,UIS_EST,
EA.3T8.AG25T99,NPL,2019,12.20106983,NA,NA,
EA.3T8.AG25T99,NPL,2021,12.84918976,NA,NA,
EA.3T8.AG25T99,SLE,2004,12.13000011,NA,NA,
EA.3T8.AG25T99,SLE,2014,51.15548855,NA,UIS_EST,
EA.3T8.AG25T99,SLE,2017,8.16147995,NA,NA,
EA.3T8.AG25T99,SLE,2018,14.82783736,NA,UIS_EST,
EA.3T8.AG25T99,SLE,2019,12.09269047,NA,NA,
EA.3T8.AG25T99,USA,2004,85.98000336,NA,NA,
EA.3T8.AG25T99,USA,2005,85.19000244,NA,NA,
EA.3T8.AG25T99,USA,2006,85.75,NA,NA,
EA.3T8.AG25T99,USA,2008,86.61000061,NA,NA,
EA.3T8.AG25T99,USA,2009,86.70999908,NA,NA,
EA.3T8.AG25T99,USA,2010,87.15000153,NA,NA,
EA.3T8.AG25T99,USA,2011,87.58999634,NA,NA,
EA.3T8.AG25T99,USA,2012,87.68000031,NA,NA,
EA.3T8.AG25T99,USA,2013,88.15000153,NA,NA,
EA.3T8.AG25T99,USA,2014,88.30999756,NA,NA,
EA.3T8.AG25T99,USA,2015,88.41000366,NA,NA,
EA.3T8.AG25T99,USA,2016,89.08999634,NA,NA,
EA.3T8.AG25T99,USA,2017,89.81413269,NA,NA,
EA.3T8.AG25T99,USA,2018,89.80999756,NA,NA,
EA.3T8.AG25T99,USA,2019,94.69380201,NA,UIS_EST,
EA.3T8.AG25T99,USA,2020,90.94000244,NA,NA,
EA.3T8.AG25T99,USA,2021,91.31336212,NA,NA,
EA.3T8.AG25T99,USA,2022,91.19000244,NA,NA,
EA.3T8.AG25T99,USA,2023,95.2892461,NA,UIS_EST,
EA.3T8.AG25T99,EST,2006,84.91999817,NA,NA,
EA.3T8.AG25T99,EST,2007,85.69999695,NA,NA,
EA.3T8.AG25T99,EST,2008,85.31999969,NA,NA,
EA.3T8.AG25T99,EST,2009,85.68000031,NA,NA,
EA.3T8.AG25T99,EST,2010,86.45999908,NA,NA,
EA.3T8.AG25T99,EST,2011,86.55000305,NA,NA,
EA.3T8.AG25T99,EST,2012,87.25,NA,NA,
EA.3T8.AG25T99,EST,2013,88.44000244,NA,NA,
EA.3T8.AG25T99,EST,2014,85.94999695,NA,NA,
EA.3T8.AG25T99,EST,2015,86.55999756,NA,NA,
EA.3T8.AG25T99,EST,2016,86.88999939,NA,NA,
EA.3T8.AG25T99,EST,2017,86.95999908,NA,NA,
EA.3T8.AG25T99,EST,2018,87.62999725,NA,NA,
EA.3T8.AG25T99,EST,2019,88.40756851,NA,UIS_EST,
EA.3T8.AG25T99,EST,2020,85.76000214,NA,NA,
EA.3T8.AG25T99,EST,2021,85.84083406,NA,UIS_EST,
EA.3T8.AG25T99,EST,2022,86.47147197,NA,UIS_EST,
EA.3T8.AG25T99,NPL,2001,16.94000053,NA,NA,
EA.3T8.AG25T99,NPL,2011,16.57999992,NA,NA,
EA.3T8.AG25T99,NPL,2017,25.80808458,NA,UIS_EST,
EA.3T8.AG25T99,NPL,2019,12.20106983,NA,NA,
EA.3T8.AG25T99,NPL,2021,12.84918976,NA,NA,
EA.3T8.AG25T99,SLE,2004,12.13000011,NA,NA,
EA.3T8.AG25T99,SLE,2014,51.15548855,NA,UIS_EST,
EA.3T8.AG25T99,SLE,2017,8.16147995,NA,NA,
EA.3T8.AG25T99,SLE,2018,14.82783736,NA,UIS_EST,
EA.3T8.AG25T99,SLE,2019,12.09269047,NA,NA,
EA.3T8.AG25T99,USA,2004,85.98000336,NA,NA,
EA.3T8.AG25T99,USA,2005,85.19000244,NA,NA,
EA.3T8.AG25T99,USA,2006,85.75,NA,NA,
EA.3T8.AG25T99,USA,2008,86.61000061,NA,NA,
EA.3T8.AG25T99,USA,2009,86.70999908,NA,NA,
EA.3T8.AG25T99,USA,2010,87.15000153,NA,NA,
EA.3T8.AG25T99,USA,2011,87.58999634,NA,NA,
EA.3T8.AG25T99,USA,2012,87.68000031,NA,NA,
EA.3T8.AG25T99,USA,2013,88.15000153,NA,NA,
EA.3T8.AG25T99,USA,2014,88.30999756,NA,NA,
EA.3T8.AG25T99,USA,2015,88.41000366,NA,NA,
EA.3T8.AG25T99,USA,2016,89.08999634,NA,NA,
EA.3T8.AG25T99,USA,2017,89.81413269,NA,NA,
EA.3T8.AG25T99,USA,2018,89.80999756,NA,NA,
EA.3T8.AG25T99,USA,2019,94.69380201,NA,UIS_EST,
EA.3T8.AG25T99,USA,2020,90.94000244,NA,NA,
EA.3T8.AG25T99,USA,2021,91.31336212,NA,NA,
EA.3T8.AG25T99,USA,2022,91.19000244,NA,NA,
EA.3T8.AG25T99,USA,2023,95.2892461,NA,UIS_EST,
XGDP.FSGOV,EST,1992,5.281410217,NA,NA,
XGDP.FSGOV,EST,1993,5.69822979,NA,NA,
XGDP.FSGOV,EST,1994,5.494289875,NA,NA,
XGDP.FSGOV,EST,1995,5.898660183,NA,NA,
XGDP.FSGOV,EST,1996,6.054920197,NA,NA,
XGDP.FSGOV,EST,1997,6.337880135,NA,NA,
XGDP.FSGOV,EST,1998,6.235360146,NA,NA,
XGDP.FSGOV,EST,1999,6.652490139,NA,NA,
XGDP.FSGOV,EST,2000,5.339459896,NA,NA,
XGDP.FSGOV,EST,2001,5.228459835,NA,NA,
XGDP.FSGOV,EST,2002,5.43460989,NA,NA,
XGDP.FSGOV,EST,2003,5.273099899,NA,NA,
XGDP.FSGOV,EST,2004,4.876749992,NA,NA,
XGDP.FSGOV,EST,2005,4.810269833,NA,NA,
XGDP.FSGOV,EST,2006,5.856762471,NA,NA,
XGDP.FSGOV,EST,2007,4.619909763,NA,NA,
XGDP.FSGOV,EST,2008,5.484039783,NA,NA,
XGDP.FSGOV,EST,2009,5.960050106,NA,NA,
XGDP.FSGOV,EST,2010,5.517789841,NA,NA,
XGDP.FSGOV,EST,2011,5.014490128,NA,NA,
XGDP.FSGOV,EST,2012,4.717720032,NA,NA,
XGDP.FSGOV,EST,2013,4.843880177,NA,NA,
XGDP.FSGOV,EST,2014,4.394330025,NA,NA,
XGDP.FSGOV,EST,2015,5.144189835,NA,NA,
XGDP.FSGOV,EST,2016,5.15763998,NA,NA,
XGDP.FSGOV,EST,2017,4.961319923,NA,NA,
XGDP.FSGOV,EST,2018,5.239970207,NA,NA,
XGDP.FSGOV,EST,2019,5.260419846,NA,NA,
XGDP.FSGOV,EST,2020,5.52696991,NA,NA,
XGDP.FSGOV,EST,2021,5.26320982,NA,NA,
XGDP.FSGOV,NPL,1998,2.892879963,NA,NA,
XGDP.FSGOV,NPL,1999,2.89331007,NA,UIS_EST,
XGDP.FSGOV,NPL,2000,2.975150108,NA,UIS_EST,
XGDP.FSGOV,NPL,2001,3.708379984,NA,UIS_EST,
XGDP.FSGOV,NPL,2002,3.152839899,NA,NA,
XGDP.FSGOV,NPL,2003,3.11435008,NA,NA,
XGDP.FSGOV,NPL,2004,3.171940088,NA,NA,
XGDP.FSGOV,NPL,2005,3.364639997,NA,NA,
XGDP.FSGOV,NPL,2006,3.605360031,NA,NA,
XGDP.FSGOV,NPL,2007,3.517210007,NA,NA,
XGDP.FSGOV,NPL,2008,3.805170059,NA,NA,
XGDP.FSGOV,NPL,2009,4.663760185,NA,NA,
XGDP.FSGOV,NPL,2010,3.631720066,NA,NA,
XGDP.FSGOV,NPL,2011,3.842619896,NA,NA,
XGDP.FSGOV,NPL,2012,3.528988558,NA,NA,
XGDP.FSGOV,NPL,2013,3.202686398,NA,NA,
XGDP.FSGOV,NPL,2014,3.485994115,NA,NA,
XGDP.FSGOV,NPL,2015,3.294253684,NA,NA,
XGDP.FSGOV,NPL,2016,3.477112228,NA,NA,
XGDP.FSGOV,NPL,2017,3.528923819,NA,NA,
XGDP.FSGOV,NPL,2018,3.66440562,NA,NA,
XGDP.FSGOV,NPL,2019,3.4856809,NA,NA,
XGDP.FSGOV,NPL,2020,4.211066584,NA,NA,
XGDP.FSGOV,NPL,2021,3.956122054,NA,NA,
XGDP.FSGOV,NPL,2022,3.617783838,NA,NA,
XGDP.FSGOV,NPL,2023,3.681257971,NA,NA,
XGDP.FSGOV,SLE,2000,4.949369907,NA,UIS_EST,
XGDP.FSGOV,SLE,2001,3.48251009,NA,UIS_EST,
XGDP.FSGOV,SLE,2002,3.594340086,NA,UIS_EST,
XGDP.FSGOV,SLE,2003,3.299000025,NA,UIS_EST,
XGDP.FSGOV,SLE,2004,3.146929979,NA,UIS_EST,
XGDP.FSGOV,SLE,2005,2.837270021,NA,UIS_EST,
XGDP.FSGOV,SLE,2007,2.596780062,NA,NA,
XGDP.FSGOV,SLE,2008,2.465889931,NA,NA,
XGDP.FSGOV,SLE,2009,2.818209887,NA,NA,
XGDP.FSGOV,SLE,2010,2.588510405,NA,NA,
XGDP.FSGOV,SLE,2011,2.678254664,NA,NA,
XGDP.FSGOV,SLE,2012,2.881598448,NA,NA,
XGDP.FSGOV,SLE,2013,2.379813198,NA,NA,
XGDP.FSGOV,SLE,2014,2.662907696,NA,NA,
XGDP.FSGOV,SLE,2016,2.911339998,NA,NA,
XGDP.FSGOV,SLE,2017,4.660860062,NA,NA,
XGDP.FSGOV,SLE,2018,6.989628051,NA,NA,
XGDP.FSGOV,SLE,2019,7.447011781,NA,NA,
XGDP.FSGOV,SLE,2020,8.809548844,NA,NA,
XGDP.FSGOV,SLE,2021,9.442235691,NA,NA,
XGDP.FSGOV,SLE,2022,8.539184861,NA,NA,
XGDP.FSGOV,SLE,2023,6.791097008,NA,NA,
XGDP.FSGOV,USA,2000,6.085649573,NA,NA,
XGDP.FSGOV,USA,2001,6.298922928,NA,NA,
XGDP.FSGOV,USA,2002,6.359955532,NA,NA,
XGDP.FSGOV,USA,2003,6.328607553,NA,NA,
XGDP.FSGOV,USA,2004,6.25376382,NA,NA,
XGDP.FSGOV,USA,2005,6.170983419,NA,NA,
XGDP.FSGOV,USA,2006,6.164029286,NA,NA,
XGDP.FSGOV,USA,2007,6.243318445,NA,NA,
XGDP.FSGOV,USA,2008,6.436085945,NA,NA,
XGDP.FSGOV,USA,2009,6.738698651,NA,NA,
XGDP.FSGOV,USA,2010,6.694553682,NA,NA,
XGDP.FSGOV,USA,2011,6.497683581,NA,NA,
XGDP.FSGOV,USA,2012,6.253886348,NA,NA,
XGDP.FSGOV,USA,2013,6.229258233,NA,NA,
XGDP.FSGOV,USA,2014,6.129205572,NA,NA,
XGDP.FSGOV,USA,2015,4.930630207,NA,NA,
XGDP.FSGOV,USA,2016,4.783279896,NA,NA,
XGDP.FSGOV,USA,2017,5.092969894,NA,NA,
XGDP.FSGOV,USA,2018,4.895020008,NA,NA,
XGDP.FSGOV,USA,2019,4.95746994,NA,NA,
XGDP.FSGOV,USA,2020,5.399980068,NA,NA,
XGDP.FSGOV,USA,2021,5.428299904,NA,NA,
XGOVEXP.IMF,EST,1995,18.47893296,NA,NA,
XGOVEXP.IMF,EST,1996,17.95158808,NA,NA,
XGOVEXP.IMF,EST,1997,17.8191807,NA,NA,
XGOVEXP.IMF,EST,1998,17.40725847,NA,NA,
XGOVEXP.IMF,EST,1999,17.8168884,NA,NA,
XGOVEXP.IMF,EST,2000,17.62004548,NA,NA,
XGOVEXP.IMF,EST,2001,18.1624457,NA,NA,
XGOVEXP.IMF,EST,2002,18.20030685,NA,NA,
XGOVEXP.IMF,EST,2003,17.92005752,NA,NA,
XGOVEXP.IMF,EST,2004,18.09847301,NA,NA,
XGOVEXP.IMF,EST,2005,17.51799974,NA,NA,
XGOVEXP.IMF,EST,2006,17.53685233,NA,NA,
XGOVEXP.IMF,EST,2007,17.01323593,NA,NA,
XGOVEXP.IMF,EST,2008,16.4227791,NA,NA,
XGOVEXP.IMF,EST,2009,15.28184424,NA,NA,
XGOVEXP.IMF,EST,2010,16.17285613,NA,NA,
XGOVEXP.IMF,EST,2011,16.25656799,NA,NA,
XGOVEXP.IMF,EST,2012,15.61931042,NA,NA,
XGOVEXP.IMF,EST,2013,15.38186272,NA,NA,
XGOVEXP.IMF,EST,2014,14.61697941,NA,NA,
XGOVEXP.IMF,EST,2015,14.97884863,NA,NA,
XGOVEXP.IMF,EST,2016,14.36475697,NA,NA,
XGOVEXP.IMF,EST,2017,14.49369932,NA,NA,
XGOVEXP.IMF,EST,2018,15.80064043,NA,NA,
XGOVEXP.IMF,EST,2019,15.52501394,NA,NA,
XGOVEXP.IMF,EST,2020,14.28443911,NA,NA,
XGOVEXP.IMF,EST,2021,14.25197454,NA,NA,
XGOVEXP.IMF,NPL,2020,11.46237153,NA,NA,
XGOVEXP.IMF,NPL,2021,12.82202877,NA,NA,
XGOVEXP.IMF,SLE,2000,20.73130035,NA,UIS_EST,
XGOVEXP.IMF,SLE,2001,17.9708004,NA,UIS_EST,
XGOVEXP.IMF,SLE,2002,17.70318985,NA,UIS_EST,
XGOVEXP.IMF,SLE,2003,17.31936073,NA,UIS_EST,
XGOVEXP.IMF,SLE,2004,17.1487999,NA,UIS_EST,
XGOVEXP.IMF,SLE,2005,15.50660992,NA,UIS_EST,
XGOVEXP.IMF,SLE,2007,19.75021935,NA,NA,
XGOVEXP.IMF,SLE,2008,14.93089962,NA,NA,
XGOVEXP.IMF,SLE,2009,15.89645958,NA,NA,
XGOVEXP.IMF,SLE,2010,12.80190777,NA,NA,
XGOVEXP.IMF,SLE,2011,12.41145719,NA,NA,
XGOVEXP.IMF,SLE,2012,14.12596304,NA,NA,
XGOVEXP.IMF,SLE,2013,15.20230627,NA,NA,
XGOVEXP.IMF,SLE,2014,15.09173675,NA,NA,
XGOVEXP.IMF,SLE,2016,12.47358036,NA,NA,
XGOVEXP.IMF,SLE,2017,19.89410019,NA,NA,
XGOVEXP.IMF,SLE,2018,32.72782896,NA,NA,
XGOVEXP.IMF,SLE,2019,35.00582786,NA,NA,
XGOVEXP.IMF,SLE,2020,34.24418797,NA,NA,
XGOVEXP.IMF,SLE,2021,33.41947174,NA,NA,
XGOVEXP.IMF,SLE,2022,29.37286949,NA,NA,
XGOVEXP.IMF,USA,1995,15.88987304,NA,NA,
XGOVEXP.IMF,USA,1996,16.1000058,NA,NA,
XGOVEXP.IMF,USA,1997,16.61201636,NA,NA,
XGOVEXP.IMF,USA,1998,17.13472967,NA,NA,
XGOVEXP.IMF,USA,1999,17.55502084,NA,NA,
XGOVEXP.IMF,USA,2000,17.98815511,NA,NA,
XGOVEXP.IMF,USA,2001,17.68960954,NA,NA,
XGOVEXP.IMF,USA,2002,17.31320205,NA,NA,
XGOVEXP.IMF,USA,2003,16.98161684,NA,NA,
XGOVEXP.IMF,USA,2004,16.96195568,NA,NA,
XGOVEXP.IMF,USA,2005,16.69880973,NA,NA,
XGOVEXP.IMF,USA,2006,16.80922443,NA,NA,
XGOVEXP.IMF,USA,2007,16.70581226,NA,NA,
XGOVEXP.IMF,USA,2008,16.2201333,NA,NA,
XGOVEXP.IMF,USA,2009,15.60106173,NA,NA,
XGOVEXP.IMF,USA,2010,15.56168558,NA,NA,
XGOVEXP.IMF,USA,2011,15.5074804,NA,NA,
XGOVEXP.IMF,USA,2012,15.59922132,NA,NA,
XGOVEXP.IMF,USA,2013,16.0246269,NA,NA,
XGOVEXP.IMF,USA,2014,16.00461465,NA,NA,
XGOVEXP.IMF,USA,2015,16.05246325,NA,NA,
XGOVEXP.IMF,USA,2016,15.973817,NA,NA,
XGOVEXP.IMF,USA,2017,15.90082582,NA,NA,
XGOVEXP.IMF,USA,2018,15.78073152,NA,NA,
XGOVEXP.IMF,USA,2019,15.5171338,NA,NA,
XGOVEXP.IMF,USA,2020,12.65421582,NA,NA,
XUNIT.PPPCONST.2T3.FSGOV.FFNTR,EST,1998,4188.945313,NA,NA,
XUNIT.PPPCONST.2T3.FSGOV.FFNTR,EST,1999,5131.255371,NA,NA,
XUNIT.PPPCONST.2T3.FSGOV.FFNTR,EST,2001,5536.311523,NA,NA,
XUNIT.PPPCONST.2T3.FSGOV.FFNTR,EST,2002,5897.135254,NA,NA,
XUNIT.PPPCONST.2T3.FSGOV.FFNTR,EST,2003,6683.053223,NA,NA,
XUNIT.PPPCONST.2T3.FSGOV.FFNTR,EST,2004,6809.668945,NA,NA,
XUNIT.PPPCONST.2T3.FSGOV.FFNTR,EST,2005,6679.883789,NA,NA,
XUNIT.PPPCONST.2T3.FSGOV.FFNTR,EST,2007,7889.916016,NA,NA,
XUNIT.PPPCONST.2T3.FSGOV.FFNTR,EST,2008,9664.896484,NA,NA,
XUNIT.PPPCONST.2T3.FSGOV.FFNTR,EST,2009,8558.65918,NA,NA,
XUNIT.PPPCONST.2T3.FSGOV.FFNTR,EST,2010,7924.86377,NA,NA,
XUNIT.PPPCONST.2T3.FSGOV.FFNTR,EST,2011,8700.521484,NA,NA,
XUNIT.PPPCONST.2T3.FSGOV.FFNTR,EST,2012,8284.455078,NA,NA,
XUNIT.PPPCONST.2T3.FSGOV.FFNTR,EST,2013,7033.716309,NA,NA,
XUNIT.PPPCONST.2T3.FSGOV.FFNTR,EST,2014,6948.579102,NA,NA,
XUNIT.PPPCONST.2T3.FSGOV.FFNTR,EST,2015,6447.018066,NA,NA,
XUNIT.PPPCONST.2T3.FSGOV.FFNTR,EST,2016,7103.729492,NA,NA,
XUNIT.PPPCONST.2T3.FSGOV.FFNTR,EST,2018,8390.725586,NA,NA,
XUNIT.PPPCONST.2T3.FSGOV.FFNTR,EST,2019,8484.206055,NA,NA,
XUNIT.PPPCONST.2T3.FSGOV.FFNTR,EST,2020,8244.261719,NA,NA,
XUNIT.PPPCONST.2T3.FSGOV.FFNTR,EST,2021,8420.789063,NA,NA,
XUNIT.PPPCONST.2T3.FSGOV.FFNTR,NPL,1999,280.2329712,NA,UIS_EST,
XUNIT.PPPCONST.2T3.FSGOV.FFNTR,NPL,2000,251.6466217,NA,UIS_EST,
XUNIT.PPPCONST.2T3.FSGOV.FFNTR,NPL,2001,310.9427185,NA,UIS_EST,
XUNIT.PPPCONST.2T3.FSGOV.FFNTR,NPL,2002,248.8163605,NA,NA,
XUNIT.PPPCONST.2T3.FSGOV.FFNTR,NPL,2003,218.276825,NA,NA,
XUNIT.PPPCONST.2T3.FSGOV.FFNTR,NPL,2008,277.8193665,NA,NA,
XUNIT.PPPCONST.2T3.FSGOV.FFNTR,NPL,2009,340.2862854,NA,UIS_EST,
XUNIT.PPPCONST.2T3.FSGOV.FFNTR,NPL,2010,317.6511536,NA,UIS_EST,
XUNIT.PPPCONST.2T3.FSGOV.FFNTR,NPL,2011,347.2219543,NA,UIS_EST,
XUNIT.PPPCONST.2T3.FSGOV.FFNTR,NPL,2012,292.6164551,NA,UIS_EST,
XUNIT.PPPCONST.2T3.FSGOV.FFNTR,NPL,2013,273.1634216,NA,UIS_EST,
XUNIT.PPPCONST.2T3.FSGOV.FFNTR,NPL,2014,329.1637573,NA,UIS_EST,
XUNIT.PPPCONST.2T3.FSGOV.FFNTR,NPL,2015,328.8800354,NA,UIS_EST,
XUNIT.PPPCONST.2T3.FSGOV.FFNTR,SLE,2011,191.9793549,NA,NA,
XUNIT.PPPCONST.2T3.FSGOV.FFNTR,SLE,2012,191.7209625,NA,NA,
XUNIT.PPPCONST.2T3.FSGOV.FFNTR,SLE,2013,169.4702148,NA,NA,
XUNIT.PPPCONST.2T3.FSGOV.FFNTR,SLE,2016,84.84912872,NA,NA,
XUNIT.PPPCONST.2T3.FSGOV.FFNTR,SLE,2017,235.6709747,NA,NA,
XUNIT.PPPCONST.2T3.FSGOV.FFNTR,SLE,2018,348.9674072,NA,NA,
XUNIT.PPPCONST.2T3.FSGOV.FFNTR,SLE,2019,251.9020386,NA,NA,
XUNIT.PPPCONST.2T3.FSGOV.FFNTR,SLE,2020,246.8286896,NA,NA,
XUNIT.PPPCONST.2T3.FSGOV.FFNTR,SLE,2021,208.0404053,NA,NA,
XUNIT.PPPCONST.2T3.FSGOV.FFNTR,USA,2015,13040.23145,NA,NA,
XUNIT.PPPCONST.2T3.FSGOV.FFNTR,USA,2016,13615.41113,NA,NA,
XUNIT.PPPCONST.2T3.FSGOV.FFNTR,USA,2017,14091.27051,NA,NA,
XUNIT.PPPCONST.2T3.FSGOV.FFNTR,USA,2018,14313.49805,NA,NA,
XUNIT.PPPCONST.2T3.FSGOV.FFNTR,USA,2019,14615.12598,NA,NA,
XUNIT.PPPCONST.2T3.FSGOV.FFNTR,USA,2020,14891.0459,NA,NA,
XUNIT.PPPCONST.2T3.FSGOV.FFNTR,USA,2021,15043.50977,NA,NA,
TRTP.1,NPL,1999,15.00032997,NA,UIS_EST,
TRTP.1,NPL,2001,15.37102032,NA,NA,
TRTP.1,NPL,2002,14.68150997,NA,NA,
TRTP.1,NPL,2003,16.22720909,NA,NA,
TRTP.1,NPL,2004,17.38607979,NA,NA,
TRTP.1,NPL,2005,30.51446915,NA,NA,
TRTP.1,NPL,2007,61.3603096,NA,NA,
TRTP.1,NPL,2008,66.43615723,NA,NA,
TRTP.1,NPL,2010,73.6608963,NA,NA,
TRTP.1,NPL,2011,80.72852325,NA,NA,
TRTP.1,NPL,2012,92.55903381,NA,NA,
TRTP.1,NPL,2013,92.1852417,NA,NA,
TRTP.1,NPL,2014,93.56738182,NA,NA,
TRTP.1,NPL,2015,94.42307281,NA,NA,
TRTP.1,NPL,2016,95.68041982,NA,NA,
TRTP.1,NPL,2017,97.27851868,NA,NA,
TRTP.1,NPL,2019,97.2910614,NA,NA,
TRTP.1,NPL,2020,97.2210083,NA,NA,
TRTP.1,NPL,2021,97.22100787,NA,NA,
TRTP.1,NPL,2023,98.09748052,NA,NA,
TRTP.1,NPL,2024,96.08790853,NA,NA,
TRTP.1,SLE,2011,48.01836066,NA,NA,
TRTP.1,SLE,2012,54.60125932,NA,NA,
TRTP.1,SLE,2013,57.1160597,NA,NA,
TRTP.1,SLE,2015,53.82229611,NA,NA,
TRTP.1,SLE,2017,63.17269183,NA,NA,
TRTP.1,SLE,2018,60.91665327,NA,NA,
TRTP.1,SLE,2019,63.64740877,NA,NA,
TRTP.1,SLE,2020,63.06317887,NA,NA,
TRTP.1,SLE,2021,73.14330292,NA,NA,
TRTP.1,SLE,2023,66.17688613,NA,NA,
TRTP.1,USA,2014,100,NA,NA,
TRTP.1,USA,2015,100,NA,NA,
TRTP.1,USA,2016,100,NA,NA,
TRTP.1,USA,2017,100,NA,NA,
TRTP.1,USA,2018,100,NA,NA,
TRTP.1,USA,2019,100,NA,NA,
TRTP.1,USA,2020,100,NA,NA,
TRTP.1,USA,2021,100,NA,NA,
TRTP.1,USA,2022,100,NA,NA,
NER.02.CP,EST,2010,86.2140274,NA,NAT_EST,
NER.02.CP,EST,2011,85.30332184,NA,NAT_EST,
NER.02.CP,EST,2012,86.32263184,NA,NAT_EST,
NER.02.CP,NPL,2011,54.77043915,NA,NA,
NER.02.CP,NPL,2012,59.44306946,NA,NA,
NER.02.CP,NPL,2013,60.86975098,NA,NA,
NER.02.CP,NPL,2014,55.32252884,NA,NA,
NER.02.CP,NPL,2015,58.22776031,NA,NA,
NER.02.CP,NPL,2016,56.56003952,NA,NA,
NER.02.CP,NPL,2017,56.13682938,NA,NA,
NER.02.CP,NPL,2020,63.41641998,NA,NA,
NER.02.CP,NPL,2021,54.36813276,NA,NA,
NER.02.CP,NPL,2022,47.23205123,NA,NA,
NER.02.CP,NPL,2023,58.29043538,NA,NA,
NER.02.CP,NPL,2024,58.35267463,NA,NA,
NER.02.CP,SLE,2001,3.858999968,NA,NA,
NER.02.CP,SLE,2012,7.41581252,NA,NA,
NER.02.CP,SLE,2013,5.903828502,NA,NA,
NER.02.CP,SLE,2015,7.529700891,NA,NA,
NER.02.CP,SLE,2016,10.44897423,NA,NA,
NER.02.CP,SLE,2017,11.255854,NA,NA,
NER.02.CP,SLE,2018,12.40820468,NA,NA,
NER.02.CP,SLE,2020,20.41432316,NA,NA,
NER.02.CP,SLE,2021,23.25793082,NA,NA,
NER.02.CP,SLE,2022,23.64434582,NA,NA,
NER.02.CP,SLE,2023,23.42794885,NA,NA,
NER.02.CP,USA,2005,64.26895142,NA,NAT_EST,
NER.02.CP,USA,2013,64.1713562,NA,NAT_EST,
NER.02.CP,USA,2014,64.78292847,NA,NAT_EST,
NER.02.CP,USA,2015,64.6364212,NA,NAT_EST,
NER.02.CP,USA,2016,64.24987793,NA,NAT_EST,
NER.02.CP,USA,2017,64.60124207,NA,NAT_EST,
NER.02.CP,USA,2018,64.48726654,NA,NAT_EST,
NER.02.CP,USA,2019,63.92391968,NA,NAT_EST,
NER.02.CP,USA,2020,64.42674255,NA,NAT_EST,
NER.02.CP,USA,2021,53.83779144,NA,NAT_EST,
NER.02.CP,USA,2022,61.23593903,NA,NAT_EST,
LR.AG15T24.Q1,NPL,2006,68.12,NA,NA,
LR.AG15T24.Q1,NPL,2011,77.11,NA,NA,
LR.AG15T24.Q1,NPL,2016,89.19113159,NA,NA,
LR.AG15T24.Q1,NPL,2019,92.0580368,NA,NA,
LR.AG15T24.Q1,SLE,2008,14.96,NA,NA,
LR.AG15T24.Q1,SLE,2013,39.05,NA,NA,
LR.AG15T24.Q1,SLE,2017,43.41960144,NA,NA,
LR.AG15T24.Q1,SLE,2019,47.56663895,NA,NA,
LR.AG15T24.Q1.F,NPL,2006,60.97,NA,NA,
LR.AG15T24.Q1.F,NPL,2011,70.64,NA,NA,
LR.AG15T24.Q1.F,NPL,2016,86.35099792,NA,NA,
LR.AG15T24.Q1.F,NPL,2019,89.72913361,NA,NA,
LR.AG15T24.Q1.F,SLE,2005,5.45,NA,NA,
LR.AG15T24.Q1.F,SLE,2008,8.91,NA,NA,
LR.AG15T24.Q1.F,SLE,2010,11.45,NA,NA,
LR.AG15T24.Q1.F,SLE,2013,25.15,NA,NA,
LR.AG15T24.Q1.F,SLE,2017,39.12535858,NA,NA,
LR.AG15T24.Q1.F,SLE,2019,42.00331879,NA,NA,
LR.AG15T24.Q1.M,NPL,2006,86.63,NA,NA,
LR.AG15T24.Q1.M,NPL,2011,93.17,NA,NA,
LR.AG15T24.Q1.M,NPL,2016,93.06855011,NA,NA,
LR.AG15T24.Q1.M,NPL,2019,95.2435379,NA,NA,
LR.AG15T24.Q1.M,SLE,2008,22.37,NA,NA,
LR.AG15T24.Q1.M,SLE,2013,53.12,NA,NA,
LR.AG15T24.Q1.M,SLE,2017,48.77965164,NA,NA,
LR.AG15T24.Q1.M,SLE,2019,52.94876099,NA,NA,
PTRHC.3.QUALIFIED,NPL,2014,29.27010918,NA,UIS_EST,
PTRHC.3.QUALIFIED,NPL,2015,28.36009026,NA,UIS_EST,
PTRHC.3.QUALIFIED,NPL,2016,28.10000992,NA,UIS_EST,
PTRHC.3.QUALIFIED,NPL,2017,28.41221046,NA,UIS_EST,
PTRHC.3.QUALIFIED,NPL,2019,28.07106018,NA,NA,
PTRHC.3.QUALIFIED,NPL,2020,32.29616928,NA,NA,
PTRHC.3.QUALIFIED,NPL,2021,31.61785377,NA,NA,
PTRHC.3.QUALIFIED,NPL,2023,40.24487817,NA,NA,
PTRHC.3.QUALIFIED,NPL,2024,35.59740107,NA,NA,
PTRHC.3.QUALIFIED,SLE,2013,38.84263992,NA,NA,
PTRHC.3.QUALIFIED,SLE,2019,76.84761047,NA,NA,
PTRHC.3.QUALIFIED,USA,2014,14.77404022,NA,NA,
PTRHC.3.QUALIFIED,USA,2015,14.6849699,NA,NA,
PTRHC.3.QUALIFIED,USA,2016,14.76860046,NA,NA,
PTRHC.3.QUALIFIED,USA,2017,14.70794964,NA,NA,
PTRHC.3.QUALIFIED,USA,2018,14.36705971,NA,NA,
PTRHC.3.QUALIFIED,USA,2019,14.62526035,NA,NA,
PTRHC.3.QUALIFIED,USA,2020,14.49814034,NA,NA,
PTRHC.3.QUALIFIED,USA,2021,14.87887955,NA,NA,
PTRHC.3.QUALIFIED,USA,2022,14.59109974,NA,NA,
LR.AG15T24,EST,1989,100,NA,NA,
LR.AG15T24,EST,2000,100,NA,NA,
LR.AG15T24,EST,2011,100,NA,NA,
LR.AG15T24,EST,2021,99.98999786,NA,UIS_EST,
LR.AG15T24,NPL,1981,30,NA,NA,
LR.AG15T24,NPL,1991,50,NA,NA,
LR.AG15T24,NPL,2001,70,NA,NA,
LR.AG15T24,NPL,2006,82.1,NA,NA,
LR.AG15T24,NPL,2011,85,NA,NA,
LR.AG15T24,NPL,2016,89.09406281,NA,NA,
LR.AG15T24,NPL,2019,94.23831177,NA,NA,
LR.AG15T24,NPL,2021,94.18000031,NA,UIS_EST,
LR.AG15T24,SLE,2004,48,NA,NA,
LR.AG15T24,SLE,2008,58.42,NA,NA,
LR.AG15T24,SLE,2013,57.02212906,NA,UIS_EST,
LR.AG15T24,SLE,2017,73.60394287,NA,NA,
LR.AG15T24,SLE,2019,72.98558044,NA,NA,
LR.AG15T24,SLE,2022,73.45999908,NA,UIS_EST,
LR.AG15T24.F,EST,1989,100,NA,NA,
LR.AG15T24.F,EST,2000,100,NA,NA,
LR.AG15T24.F,EST,2011,100,NA,NA,
LR.AG15T24.F,EST,2021,99.98999786,NA,UIS_EST,
LR.AG15T24.F,NPL,1981,15,NA,NA,
LR.AG15T24.F,NPL,1991,33,NA,NA,
LR.AG15T24.F,NPL,2001,60,NA,NA,
LR.AG15T24.F,NPL,2006,75.51,NA,NA,
LR.AG15T24.F,NPL,2011,80,NA,NA,
LR.AG15T24.F,NPL,2016,84.5849762,NA,NA,
LR.AG15T24.F,NPL,2019,92.07302094,NA,NA,
LR.AG15T24.F,NPL,2021,93.25,NA,UIS_EST,
LR.AG15T24.F,SLE,2004,37,NA,NA,
LR.AG15T24.F,SLE,2005,37.15,NA,NA,
LR.AG15T24.F,SLE,2008,41.3,NA,NA,
LR.AG15T24.F,SLE,2010,49.46,NA,NA,
LR.AG15T24.F,SLE,2013,50.85709,NA,UIS_EST,
LR.AG15T24.F,SLE,2017,68.66313934,NA,NA,
LR.AG15T24.F,SLE,2019,67.86192322,NA,NA,
LR.AG15T24.F,SLE,2022,71.65000153,NA,UIS_EST,
LR.AG15T24.M,EST,1989,100,NA,NA,
LR.AG15T24.M,EST,2000,100,NA,NA,
LR.AG15T24.M,EST,2011,100,NA,NA,
LR.AG15T24.M,EST,2021,99.98000336,NA,UIS_EST,
LR.AG15T24.M,NPL,1981,45,NA,NA,
LR.AG15T24.M,NPL,1991,68,NA,NA,
LR.AG15T24.M,NPL,2001,81,NA,NA,
LR.AG15T24.M,NPL,2006,94.24,NA,NA,
LR.AG15T24.M,NPL,2011,90,NA,NA,
LR.AG15T24.M,NPL,2016,94.43615723,NA,NA,
LR.AG15T24.M,NPL,2019,96.80686188,NA,NA,
LR.AG15T24.M,NPL,2021,95.13999939,NA,UIS_EST,
LR.AG15T24.M,SLE,2004,60,NA,NA,
LR.AG15T24.M,SLE,2008,73.58,NA,NA,
LR.AG15T24.M,SLE,2013,64.53050232,NA,UIS_EST,
LR.AG15T24.M,SLE,2017,78.7427063,NA,NA,
LR.AG15T24.M,SLE,2019,78.19760132,NA,NA,
LR.AG15T24.M,SLE,2022,75.23000336,NA,UIS_EST,
MATH.LOWERSEC,EST,2006,87.92123767,NA,NA,
MATH.LOWERSEC,EST,2009,87.36230368,NA,NA,
MATH.LOWERSEC,EST,2012,89.45551653,NA,NA,
MATH.LOWERSEC,EST,2015,88.78234516,NA,NA,
MATH.LOWERSEC,EST,2018,89.78358371,NA,NA,
MATH.LOWERSEC,EST,2022,85.03,NA,NA,
MATH.LOWERSEC,USA,2000,76.93842148,NA,NA,
MATH.LOWERSEC,USA,2003,74.28754815,NA,NA,
MATH.LOWERSEC,USA,2006,71.86412997,NA,NA,
MATH.LOWERSEC,USA,2009,76.60611612,NA,NA,
MATH.LOWERSEC,USA,2012,74.15411197,NA,NA,
MATH.LOWERSEC,USA,2015,70.62117641,NA,NA,
MATH.LOWERSEC,USA,2018,72.89155495,NA,NA,
MATH.LOWERSEC,USA,2022,66.08,NA,NA,
MATH.PRIMARY,USA,1995,65.39984061,NA,NA,
MATH.PRIMARY,USA,2003,71.65905899,NA,NA,
MATH.PRIMARY,USA,2007,76.74421976,NA,NA,
MATH.PRIMARY,USA,2011,80.97027825,NA,NA,
MATH.PRIMARY,USA,2015,78.64846987,NA,NA,
MATH.PRIMARY,USA,2019,76.57600521,NA,NA,
LR.AG15T24.Q5,NPL,2006,96.1,NA,NA,
LR.AG15T24.Q5,NPL,2011,99.15,NA,NA,
LR.AG15T24.Q5,NPL,2016,98.46787262,NA,NA,
LR.AG15T24.Q5,NPL,2019,99.65242004,NA,NA,
LR.AG15T24.Q5,SLE,2008,87.91,NA,NA,
LR.AG15T24.Q5,SLE,2013,90.5,NA,NA,
LR.AG15T24.Q5,SLE,2017,91.6204071,NA,NA,
LR.AG15T24.Q5,SLE,2019,89.42044067,NA,NA,
LR.AG15T24.Q5.F,NPL,2006,93.92,NA,NA,
LR.AG15T24.Q5.F,NPL,2011,98.51,NA,NA,
LR.AG15T24.Q5.F,NPL,2016,97.36898804,NA,NA,
LR.AG15T24.Q5.F,NPL,2019,99.32218933,NA,NA,
LR.AG15T24.Q5.F,SLE,2005,78.01,NA,NA,
LR.AG15T24.Q5.F,SLE,2008,77.77,NA,NA,
LR.AG15T24.Q5.F,SLE,2010,83.35,NA,NA,
LR.AG15T24.Q5.F,SLE,2013,84.79,NA,NA,
LR.AG15T24.Q5.F,SLE,2017,89.19329834,NA,NA,
LR.AG15T24.Q5.F,SLE,2019,87.39851379,NA,NA,
LR.AG15T24.Q5.M,NPL,2006,98.76,NA,NA,
LR.AG15T24.Q5.M,NPL,2011,100,NA,NA,
LR.AG15T24.Q5.M,NPL,2016,99.53359985,NA,NA,
LR.AG15T24.Q5.M,NPL,2019,100,NA,NA,
LR.AG15T24.Q5.M,SLE,2008,95.34,NA,NA,
LR.AG15T24.Q5.M,SLE,2013,94.3,NA,NA,
LR.AG15T24.Q5.M,SLE,2017,94.08489227,NA,NA,
LR.AG15T24.Q5.M,SLE,2019,91.7040863,NA,NA,
TRTP.3,NPL,2008,63.87042999,NA,UIS_EST,
TRTP.3,NPL,2010,72.3033905,NA,UIS_EST,
TRTP.3,NPL,2011,74.26403046,NA,UIS_EST,
TRTP.3,NPL,2013,80.09282684,NA,UIS_EST,
TRTP.3,NPL,2014,80.41208312,NA,NA,
TRTP.3,NPL,2015,83.03044891,NA,UIS_EST,
TRTP.3,NPL,2016,91.64170074,NA,UIS_EST,
TRTP.3,NPL,2017,88.00994873,NA,UIS_EST,
TRTP.3,NPL,2019,81.30516815,NA,NA,
TRTP.3,NPL,2020,81.08960724,NA,NA,
TRTP.3,NPL,2021,81.08960709,NA,NA,
TRTP.3,NPL,2023,90.58472114,NA,NA,
TRTP.3,NPL,2024,89.78188174,NA,NA,
TRTP.3,SLE,2011,67.5454483,NA,NA,
TRTP.3,SLE,2012,67.50386047,NA,NA,
TRTP.3,SLE,2013,64.0922929,NA,NA,
TRTP.3,SLE,2015,73.47455369,NA,NA,
TRTP.3,SLE,2019,75.07367137,NA,NA,
TRTP.3,USA,2014,100,NA,NA,
TRTP.3,USA,2015,100,NA,NA,
TRTP.3,USA,2016,100,NA,NA,
TRTP.3,USA,2017,100,NA,NA,
TRTP.3,USA,2018,100,NA,NA,
TRTP.3,USA,2019,100,NA,NA,
TRTP.3,USA,2020,100,NA,NA,
TRTP.3,USA,2021,100,NA,NA,
TRTP.3,USA,2022,100,NA,NA,
TRTP.3.F,NPL,2008,64.54208374,NA,UIS_EST,
TRTP.3.F,NPL,2010,75.64443207,NA,UIS_EST,
TRTP.3.F,NPL,2011,79.94190216,NA,UIS_EST,
TRTP.3.F,NPL,2013,79.30225372,NA,UIS_EST,
TRTP.3.F,NPL,2014,79.5128045,NA,NA,
TRTP.3.F,NPL,2015,81.37017059,NA,UIS_EST,
TRTP.3.F,NPL,2019,73.36717224,NA,NA,
TRTP.3.F,NPL,2020,73.26470184,NA,NA,
TRTP.3.F,NPL,2021,73.26470366,NA,NA,
TRTP.3.F,NPL,2023,92.75053756,NA,NA,
TRTP.3.F,NPL,2024,90.81579987,NA,NA,
TRTP.3.F,SLE,2011,79.29154968,NA,NA,
TRTP.3.F,SLE,2012,80.04750824,NA,NA,
TRTP.3.F,SLE,2013,67.68,NA,NA,
TRTP.3.F,SLE,2015,68.61878453,NA,NA,
TRTP.3.F,SLE,2019,83.84332925,NA,NA,
TRTP.3.F,USA,2014,100,NA,NA,
TRTP.3.F,USA,2015,100,NA,NA,
TRTP.3.F,USA,2016,100,NA,NA,
TRTP.3.F,USA,2017,100,NA,NA,
TRTP.3.F,USA,2018,100,NA,NA,
TRTP.3.F,USA,2019,100,NA,NA,
TRTP.3.F,USA,2020,100,NA,NA,
TRTP.3.F,USA,2021,100,NA,NA,
TRTP.3.F,USA,2022,100,NA,NA,
TRTP.3.M,NPL,2008,63.78585052,NA,UIS_EST,
TRTP.3.M,NPL,2010,71.84828949,NA,UIS_EST,
TRTP.3.M,NPL,2011,73.19418335,NA,UIS_EST,
TRTP.3.M,NPL,2013,80.25096893,NA,UIS_EST,
TRTP.3.M,NPL,2014,80.59331991,NA,NA,
TRTP.3.M,NPL,2015,83.36569214,NA,UIS_EST,
TRTP.3.M,NPL,2019,83.13224792,NA,NA,
TRTP.3.M,NPL,2020,83.14936066,NA,NA,
TRTP.3.M,NPL,2021,83.14935841,NA,NA,
TRTP.3.M,NPL,2023,90.06561848,NA,NA,
TRTP.3.M,NPL,2024,89.54174853,NA,NA,
TRTP.3.M,SLE,2011,66.47657013,NA,NA,
TRTP.3.M,SLE,2012,66.3932724,NA,NA,
TRTP.3.M,SLE,2013,63.69301994,NA,NA,
TRTP.3.M,SLE,2015,74.14028178,NA,NA,
TRTP.3.M,SLE,2019,74.27969858,NA,NA,
TRTP.3.M,USA,2014,100,NA,NA,
TRTP.3.M,USA,2015,100,NA,NA,
TRTP.3.M,USA,2016,100,NA,NA,
TRTP.3.M,USA,2017,100,NA,NA,
TRTP.3.M,USA,2018,100,NA,NA,
TRTP.3.M,USA,2019,100,NA,NA,
TRTP.3.M,USA,2020,100,NA,NA,
TRTP.3.M,USA,2021,100,NA,NA,
TRTP.3.M,USA,2022,100,NA,NA,
TATTRR.2,NPL,2017,0,NIL,NA,
TATTRR.2,NPL,2020,7.231130123,NA,NA,
TATTRR.2,NPL,2023,3.224174754,NA,NA,
TATTRR.2,SLE,2017,17.94736146,NA,NA,
TATTRR.2,SLE,2019,16.59753086,NA,NA,
TATTRR.2,SLE,2020,19.32823813,NA,NA,
TATTRR.2,SLE,2021,15.46569373,NA,NA,
TATTRR.02,NPL,2017,0,NIL,NA,
TATTRR.02,NPL,2023,1.066492545,NA,NA,
TATTRR.02,SLE,2018,21.40635798,NA,NA,
TATTRR.02,SLE,2019,32.22877894,NA,NA,
TATTRR.02,SLE,2020,17.06791232,NA,NA,
TATTRR.02,SLE,2021,13.36243075,NA,NA,
TATTRR.02,SLE,2022,14.93558136,NA,NA,
TATTRR.1,NPL,2017,0,NIL,NA,
TATTRR.1,NPL,2020,3.223670006,NA,NA,
TATTRR.1,NPL,2023,0.7944214539,NA,NA,
TATTRR.1,NPL,2024,3.735787764,NA,NA,
TATTRR.1,SLE,2017,11.44118191,NA,NA,
TATTRR.1,SLE,2019,17.21990034,NA,NA,
TATTRR.1,SLE,2020,5.031630986,NA,NA,
TATTRR.1,SLE,2021,21.37455278,NA,NA,
TATTRR.1,SLE,2022,8.786888244,NA,NA,
TATTRR.1,SLE,2023,22.2311728,NA,NA,
TATTRR.3,NPL,2020,4.276350021,NA,NA,
TATTRR.3,NPL,2023,13.79678564,NA,NA,
TATTRR.3,SLE,2017,18.76694734,NA,NA,
TATTRR.3,SLE,2019,15.75457694,NA,NA,
TATTRR.3,SLE,2020,13.3523016,NA,NA,
TATTRR.3,SLE,2021,10.42524005,NA,NA,
TSALARY.2,SLE,2021,0.6337016225,NA,UIS_EST,
TSALARY.2,USA,2017,0.6673545837,NA,NA,
TSALARY.2,USA,2019,0.6323956251,NA,NA,
TSALARY.2,USA,2020,0.6072018743,NA,NA,
TSALARY.2,USA,2021,0.6123073101,NA,NA,
TSALARY.2,USA,2022,0.6763151288,NA,NA,
TSALARY.3,SLE,2021,1.355131984,NA,UIS_EST,
TSALARY.3,USA,2017,0.6635445952,NA,NA,
TSALARY.3,USA,2019,0.62294209,NA,NA,
TSALARY.3,USA,2020,0.5972378254,NA,NA,
TSALARY.3,USA,2021,0.603025794,NA,NA,
TSALARY.3,USA,2022,0.6782773733,NA,NA,
ROFST.H.3,EST,2006,6.53,NA,NA,
ROFST.H.3,EST,2007,11.61,NA,NA,
ROFST.H.3,EST,2008,7.34,NA,NA,
ROFST.H.3,EST,2009,4.94,NA,NA,
ROFST.H.3,EST,2010,2.71,NA,NA,
ROFST.H.3,EST,2011,4.31,NA,NA,
ROFST.H.3,EST,2012,5.25,NA,NA,
ROFST.H.3,EST,2013,5.3,NA,NA,
ROFST.H.3,EST,2014,7.4,NA,NA,
ROFST.H.3,EST,2015,6.1,NA,NA,
ROFST.H.3,EST,2016,5.11,NA,NA,
ROFST.H.3,EST,2017,4.6,NA,NA,
ROFST.H.3,EST,2018,12.43,NA,NA,
ROFST.H.3,EST,2019,4.61,NA,NA,
ROFST.H.3,EST,2020,5.15,NA,NA,
ROFST.H.3,EST,2021,6.51,NA,NA,
ROFST.H.3,NPL,2001,56.2,NA,NA,
ROFST.H.3,NPL,2007,33.69485092,NA,NA,
ROFST.H.3,NPL,2011,19.67439079,NA,NA,
ROFST.H.3,NPL,2014,16.17720985,NA,NA,
ROFST.H.3,NPL,2016,22.72596931,NA,NA,
ROFST.H.3,NPL,2019,15.32546043,NA,NA,
ROFST.H.3,NPL,2022,16.1199398,NA,NA,
ROFST.H.3,SLE,2008,41.0786705,NA,NA,
ROFST.H.3,SLE,2010,33.69,NA,NA,
ROFST.H.3,SLE,2013,37.78197098,NA,NA,
ROFST.H.3,SLE,2017,36.76467896,NA,NA,
ROFST.H.3,SLE,2019,27.32385063,NA,NA,
ROFST.H.3,USA,2010,3.519999981,NA,NA,
ROFST.H.3,USA,2013,6.52,NA,NA,
ROFST.H.3,USA,2015,3.247279882,NA,NA,
ROFST.H.3,USA,2016,3.161989927,NA,NA,
ROFST.H.3,USA,2017,3.246010065,NA,NA,
ROFST.H.3,USA,2018,7.17,NA,NA,
ROFST.H.3,USA,2019,7.78,NA,NA,
ROFST.H.3,USA,2020,4.716639996,NA,NA,
ROFST.H.3,USA,2021,3.666949987,NA,NA,
ROFST.H.3.Q5,NPL,2007,19.59691048,NA,NA,
ROFST.H.3.Q5,NPL,2011,5.276659966,NA,NA,
ROFST.H.3.Q5,NPL,2014,6.315480232,NA,NA,
ROFST.H.3.Q5,NPL,2016,8.438710213,NA,NA,
ROFST.H.3.Q5,NPL,2019,7.589700222,NA,NA,
ROFST.H.3.Q5,NPL,2022,6.18832016,NA,NA,
ROFST.H.3.Q5,SLE,2008,18.0173893,NA,NA,
ROFST.H.3.Q5,SLE,2010,16.72,NA,NA,
ROFST.H.3.Q5,SLE,2013,18.11034966,NA,NA,
ROFST.H.3.Q5,SLE,2017,16.96035004,NA,NA,
ROFST.H.3.Q5,SLE,2019,11.52237034,NA,NA,
ROFST.H.3.Q5,USA,2013,5.54,NA,NA,
ROFST.H.3.Q5,USA,2016,5.43,NA,NA,
ROFST.H.3.Q5,USA,2017,4.12,NA,NA,
ROFST.H.3.Q5,USA,2018,6.14,NA,NA,
ROFST.H.3.Q5,USA,2019,6.31,NA,NA,
ROFST.H.3.Q5,USA,2020,3.16,NA,NA,
ROFST.H.3.WPIA,NPL,2007,1.544350028,NA,NA,
ROFST.H.3.WPIA,NPL,2011,1.832710028,NA,NA,
ROFST.H.3.WPIA,NPL,2014,1.646720052,NA,NA,
ROFST.H.3.WPIA,NPL,2016,1.629289985,NA,NA,
ROFST.H.3.WPIA,NPL,2019,1.628389955,NA,NA,
ROFST.H.3.WPIA,NPL,2022,1.691529989,NA,NA,
ROFST.H.3.WPIA,SLE,2008,1.745479941,NA,NA,
ROFST.H.3.WPIA,SLE,2010,1.719133258,NA,NA,
ROFST.H.3.WPIA,SLE,2013,1.699519992,NA,NA,
ROFST.H.3.WPIA,SLE,2017,1.741590023,NA,NA,
ROFST.H.3.WPIA,SLE,2019,1.766700029,NA,NA,
ROFST.H.3.WPIA,USA,2013,1.468330145,NA,NA,
ROFST.H.3.WPIA,USA,2016,1.366394401,NA,NA,
ROFST.H.3.WPIA,USA,2018,1.310112357,NA,NA,
ROFST.H.3.WPIA,USA,2019,1.368368387,NA,NA,
ROFST.3.F.CP,EST,2014,4.822309971,NA,NAT_EST,
ROFST.3.F.CP,EST,2015,5.640289783,NA,NAT_EST,
ROFST.3.F.CP,EST,2016,5.540540218,NA,NAT_EST,
ROFST.3.F.CP,EST,2017,5.921589851,NA,NAT_EST,
ROFST.3.F.CP,EST,2018,6.537099838,NA,NAT_EST,
ROFST.3.F.CP,EST,2019,6.595190048,NA,NAT_EST,
ROFST.3.F.CP,EST,2020,6.36823988,NA,NAT_EST,
ROFST.3.F.CP,EST,2021,5.836289883,NA,NAT_EST,
ROFST.3.F.CP,EST,2022,5.787380219,NA,NAT_EST,
ROFST.3.F.CP,NPL,2010,40.91725159,NA,UIS_EST,
ROFST.3.F.CP,NPL,2016,20.21105003,NA,NA,
ROFST.3.F.CP,NPL,2017,17.30588913,NA,NA,
ROFST.3.F.CP,NPL,2019,13.54261971,NA,UIS_EST,
ROFST.3.F.CP,NPL,2021,25.3453789,NA,NA,
ROFST.3.F.CP,NPL,2022,24.15067334,NA,NA,
ROFST.3.F.CP,NPL,2023,18.07330007,NA,NA,
ROFST.3.F.CP,NPL,2024,20.07569484,NA,NA,
ROFST.3.F.CP,SLE,2013,71.87732896,NA,NA,
ROFST.3.F.CP,SLE,2015,62.61233902,NA,NA,
ROFST.3.F.CP,SLE,2016,65.10663965,NA,NA,
ROFST.3.F.CP,SLE,2017,62.82085517,NA,NA,
ROFST.3.F.CP,SLE,2018,68.03734286,NA,NA,
ROFST.3.F.CP,SLE,2019,57.29688868,NA,NA,
ROFST.3.F.CP,SLE,2020,53.06123018,NA,NA,
ROFST.3.F.CP,SLE,2021,41.46417999,NA,NA,
ROFST.3.F.CP,SLE,2022,30.54597778,NA,NA,
ROFST.3.F.CP,SLE,2023,26.98632307,NA,NA,
ROFST.3.F.CP,USA,2013,7.542399883,NA,NAT_EST,
ROFST.3.F.CP,USA,2014,6.274990082,NA,NAT_EST,
ROFST.3.F.CP,USA,2015,4.948209763,NA,NAT_EST,
ROFST.3.F.CP,USA,2016,4.785980225,NA,NAT_EST,
ROFST.3.F.CP,USA,2017,4.672969818,NA,NAT_EST,
ROFST.3.F.CP,USA,2018,3.449359894,NA,NAT_EST,
ROFST.3.F.CP,USA,2019,4.949480057,NA,NAT_EST,
ROFST.3.F.CP,USA,2020,3.123280048,NA,NAT_EST,
ROFST.3.F.CP,USA,2021,0.3880000114,NA,NAT_EST,
ROFST.3.F.CP,USA,2022,3.511070013,NA,NAT_EST,
ROFST.3.M.CP,EST,2014,6.718820095,NA,NAT_EST,
ROFST.3.M.CP,EST,2015,7.651010036,NA,NAT_EST,
ROFST.3.M.CP,EST,2016,7.368770123,NA,NAT_EST,
ROFST.3.M.CP,EST,2017,7.627349854,NA,NAT_EST,
ROFST.3.M.CP,EST,2018,7.340970039,NA,NAT_EST,
ROFST.3.M.CP,EST,2019,7.499609947,NA,NAT_EST,
ROFST.3.M.CP,EST,2020,7.66257,NA,NAT_EST,
ROFST.3.M.CP,EST,2021,7.466300011,NA,NAT_EST,
ROFST.3.M.CP,EST,2022,6.92689991,NA,NAT_EST,
ROFST.3.M.CP,NPL,2010,38.57611847,NA,UIS_EST,
ROFST.3.M.CP,NPL,2016,30.32883072,NA,NA,
ROFST.3.M.CP,NPL,2017,29.93371964,NA,NA,
ROFST.3.M.CP,NPL,2019,26.69355965,NA,UIS_EST,
ROFST.3.M.CP,NPL,2021,27.77532733,NA,NA,
ROFST.3.M.CP,NPL,2022,23.72814195,NA,NA,
ROFST.3.M.CP,NPL,2023,20.69326561,NA,NA,
ROFST.3.M.CP,NPL,2024,19.93149372,NA,NA,
ROFST.3.M.CP,SLE,2013,66.79667342,NA,NA,
ROFST.3.M.CP,SLE,2015,60.7358017,NA,NA,
ROFST.3.M.CP,SLE,2016,63.60363356,NA,NA,
ROFST.3.M.CP,SLE,2017,62.45202527,NA,NA,
ROFST.3.M.CP,SLE,2018,66.32378739,NA,NA,
ROFST.3.M.CP,SLE,2019,55.80654479,NA,NA,
ROFST.3.M.CP,SLE,2020,52.12323019,NA,NA,
ROFST.3.M.CP,SLE,2021,42.07355118,NA,NA,
ROFST.3.M.CP,SLE,2022,34.26747036,NA,NA,
ROFST.3.M.CP,SLE,2023,32.43992821,NA,NA,
ROFST.3.M.CP,USA,2013,8.274290085,NA,NAT_EST,
ROFST.3.M.CP,USA,2014,7.299220085,NA,NAT_EST,
ROFST.3.M.CP,USA,2015,7.154230118,NA,NAT_EST,
ROFST.3.M.CP,USA,2016,4.673769951,NA,NAT_EST,
ROFST.3.M.CP,USA,2017,4.898340225,NA,NAT_EST,
ROFST.3.M.CP,USA,2018,3.738899946,NA,NAT_EST,
ROFST.3.M.CP,USA,2019,2.599240065,NA,NAT_EST,
ROFST.3.M.CP,USA,2020,2.829149961,NA,NAT_EST,
ROFST.3.M.CP,USA,2021,1.93908,NA,NAT_EST,
ROFST.3.M.CP,USA,2022,6.548130035,NA,NAT_EST,
ROFST.H.3.Q1,NPL,2007,43.00839996,NA,NA,
ROFST.H.3.Q1,NPL,2011,31.54217911,NA,NA,
ROFST.H.3.Q1,NPL,2014,17.87672043,NA,NA,
ROFST.H.3.Q1,NPL,2016,22.76391029,NA,NA,
ROFST.H.3.Q1,NPL,2019,20.4237709,NA,NA,
ROFST.H.3.Q1,NPL,2022,20.06126976,NA,NA,
ROFST.H.3.Q1,SLE,2008,70.79073334,NA,NA,
ROFST.H.3.Q1,SLE,2010,59.53,NA,NA,
ROFST.H.3.Q1,SLE,2013,60.27133942,NA,NA,
ROFST.H.3.Q1,SLE,2017,65.63260651,NA,NA,
ROFST.H.3.Q1,SLE,2019,49.38945007,NA,NA,
ROFST.H.3.Q1,USA,2013,10.42,NA,NA,
ROFST.H.3.Q1,USA,2016,8.57,NA,NA,
ROFST.H.3.Q1,USA,2017,9.39,NA,NA,
ROFST.H.3.Q1,USA,2018,8.9,NA,NA,
ROFST.H.3.Q1,USA,2019,9.99,NA,NA,
ROFST.H.3.Q1,USA,2020,4.6,NA,NA,
ROFST.H.3.Q5,NPL,2007,19.59691048,NA,NA,
ROFST.H.3.Q5,NPL,2011,5.276659966,NA,NA,
ROFST.H.3.Q5,NPL,2014,6.315480232,NA,NA,
ROFST.H.3.Q5,NPL,2016,8.438710213,NA,NA,
ROFST.H.3.Q5,NPL,2019,7.589700222,NA,NA,
ROFST.H.3.Q5,NPL,2022,6.18832016,NA,NA,
ROFST.H.3.Q5,SLE,2008,18.0173893,NA,NA,
ROFST.H.3.Q5,SLE,2010,16.72,NA,NA,
ROFST.H.3.Q5,SLE,2013,18.11034966,NA,NA,
ROFST.H.3.Q5,SLE,2017,16.96035004,NA,NA,
ROFST.H.3.Q5,SLE,2019,11.52237034,NA,NA,
ROFST.H.3.Q5,USA,2013,5.54,NA,NA,
ROFST.H.3.Q5,USA,2016,5.43,NA,NA,
ROFST.H.3.Q5,USA,2017,4.12,NA,NA,
ROFST.H.3.Q5,USA,2018,6.14,NA,NA,
ROFST.H.3.Q5,USA,2019,6.31,NA,NA,
ROFST.H.3.Q5,USA,2020,3.16,NA,NA,
ROFST.H.3.RUR,EST,2006,9.35,NA,NA,
ROFST.H.3.RUR,EST,2007,14.41,NA,NA,
ROFST.H.3.RUR,EST,2008,8.1,NA,NA,
ROFST.H.3.RUR,EST,2009,6.02,NA,NA,
ROFST.H.3.RUR,EST,2010,3.62,NA,NA,
ROFST.H.3.RUR,EST,2011,5.29,NA,NA,
ROFST.H.3.RUR,EST,2012,4.84,NA,NA,
ROFST.H.3.RUR,EST,2013,4.91,NA,NA,
ROFST.H.3.RUR,EST,2014,6.09,NA,NA,
ROFST.H.3.RUR,EST,2015,6.85,NA,NA,
ROFST.H.3.RUR,EST,2016,4.11,NA,NA,
ROFST.H.3.RUR,EST,2017,5.38,NA,NA,
ROFST.H.3.RUR,EST,2018,11.94,NA,NA,
ROFST.H.3.RUR,EST,2019,5.02,NA,NA,
ROFST.H.3.RUR,EST,2020,5.03,NA,NA,
ROFST.H.3.RUR,EST,2021,5.76,NA,NA,
ROFST.H.3.RUR,NPL,2001,58.05,NA,NA,
ROFST.H.3.RUR,NPL,2007,35.26002884,NA,NA,
ROFST.H.3.RUR,NPL,2011,20.68626976,NA,NA,
ROFST.H.3.RUR,NPL,2014,17.35261917,NA,NA,
ROFST.H.3.RUR,NPL,2016,28.0627594,NA,NA,
ROFST.H.3.RUR,NPL,2019,17.35625076,NA,NA,
ROFST.H.3.RUR,NPL,2022,17.55793953,NA,NA,
ROFST.H.3.RUR,SLE,2008,57.44528961,NA,NA,
ROFST.H.3.RUR,SLE,2010,39.83,NA,NA,
ROFST.H.3.RUR,SLE,2013,50.27244949,NA,NA,
ROFST.H.3.RUR,SLE,2017,53.97356033,NA,NA,
ROFST.H.3.RUR,SLE,2019,39.15409851,NA,NA,
ROFST.H.3.RUR.F,EST,2006,5.45,NA,NA,
ROFST.H.3.RUR.F,EST,2007,11.16,NA,NA,
ROFST.H.3.RUR.F,EST,2008,6.25,NA,NA,
ROFST.H.3.RUR.F,EST,2009,6.08,NA,NA,
ROFST.H.3.RUR.F,EST,2010,3,NA,NA,
ROFST.H.3.RUR.F,EST,2011,5.18,NA,NA,
ROFST.H.3.RUR.F,EST,2012,5.09,NA,NA,
ROFST.H.3.RUR.F,EST,2013,3.69,NA,NA,
ROFST.H.3.RUR.F,EST,2014,5.01,NA,NA,
ROFST.H.3.RUR.F,EST,2015,5.78,NA,NA,
ROFST.H.3.RUR.F,EST,2016,5.19,NA,NA,
ROFST.H.3.RUR.F,EST,2017,3.45,NA,NA,
ROFST.H.3.RUR.F,EST,2018,9.68,NA,NA,
ROFST.H.3.RUR.F,EST,2019,4.03,NA,NA,
ROFST.H.3.RUR.F,EST,2020,3.51,NA,NA,
ROFST.H.3.RUR.F,EST,2021,6.44,NA,NA,
ROFST.H.3.RUR.F,NPL,2001,67.15,NA,NA,
ROFST.H.3.RUR.F,NPL,2007,43.39883041,NA,NA,
ROFST.H.3.RUR.F,NPL,2011,24.8572998,NA,NA,
ROFST.H.3.RUR.F,NPL,2014,19.54491997,NA,NA,
ROFST.H.3.RUR.F,NPL,2016,34.10226059,NA,NA,
ROFST.H.3.RUR.F,NPL,2019,18.25477982,NA,NA,
ROFST.H.3.RUR.F,NPL,2022,20.0632,NA,NA,
ROFST.H.3.RUR.F,SLE,2008,69.49004364,NA,NA,
ROFST.H.3.RUR.F,SLE,2010,48.45,NA,NA,
ROFST.H.3.RUR.F,SLE,2013,56.70780182,NA,NA,
ROFST.H.3.RUR.F,SLE,2017,60.30073929,NA,NA,
ROFST.H.3.RUR.F,SLE,2019,45.98246002,NA,NA,
ROFST.H.3.RUR.M,EST,2006,13.32,NA,NA,
ROFST.H.3.RUR.M,EST,2007,17.5,NA,NA,
ROFST.H.3.RUR.M,EST,2008,9.97,NA,NA,
ROFST.H.3.RUR.M,EST,2009,5.96,NA,NA,
ROFST.H.3.RUR.M,EST,2010,4.24,NA,NA,
ROFST.H.3.RUR.M,EST,2011,5.38,NA,NA,
ROFST.H.3.RUR.M,EST,2012,4.64,NA,NA,
ROFST.H.3.RUR.M,EST,2013,6.13,NA,NA,
ROFST.H.3.RUR.M,EST,2014,7.13,NA,NA,
ROFST.H.3.RUR.M,EST,2015,7.91,NA,NA,
ROFST.H.3.RUR.M,EST,2016,3.1,NA,NA,
ROFST.H.3.RUR.M,EST,2017,7.25,NA,NA,
ROFST.H.3.RUR.M,EST,2018,14.77,NA,NA,
ROFST.H.3.RUR.M,EST,2019,5.96,NA,NA,
ROFST.H.3.RUR.M,EST,2020,6.25,NA,NA,
ROFST.H.3.RUR.M,EST,2021,5.09,NA,NA,
ROFST.H.3.RUR.M,NPL,2001,47.53,NA,NA,
ROFST.H.3.RUR.M,NPL,2007,25.57958031,NA,NA,
ROFST.H.3.RUR.M,NPL,2011,15.76576996,NA,NA,
ROFST.H.3.RUR.M,NPL,2014,14.94503021,NA,NA,
ROFST.H.3.RUR.M,NPL,2016,20.56011009,NA,NA,
ROFST.H.3.RUR.M,NPL,2019,16.38217926,NA,NA,
ROFST.H.3.RUR.M,NPL,2022,14.59846973,NA,NA,
ROFST.H.3.RUR.M,SLE,2008,46.90285873,NA,NA,
ROFST.H.3.RUR.M,SLE,2010,34,NA,NA,
ROFST.H.3.RUR.M,SLE,2013,42.20111084,NA,NA,
ROFST.H.3.RUR.M,SLE,2017,46.5148201,NA,NA,
ROFST.H.3.RUR.M,SLE,2019,33.2118187,NA,NA,
ROFST.H.3.URB,EST,2006,2.62,NA,NA,
ROFST.H.3.URB,EST,2007,7.27,NA,NA,
ROFST.H.3.URB,EST,2008,6.16,NA,NA,
ROFST.H.3.URB,EST,2009,3.29,NA,NA,
ROFST.H.3.URB,EST,2010,1.31,NA,NA,
ROFST.H.3.URB,EST,2011,2.84,NA,NA,
ROFST.H.3.URB,EST,2012,5.62,NA,NA,
ROFST.H.3.URB,EST,2013,5.67,NA,NA,
ROFST.H.3.URB,EST,2014,8.62,NA,NA,
ROFST.H.3.URB,EST,2015,5.5,NA,NA,
ROFST.H.3.URB,EST,2016,5.92,NA,NA,
ROFST.H.3.URB,EST,2017,4.14,NA,NA,
ROFST.H.3.URB,EST,2018,12.81,NA,NA,
ROFST.H.3.URB,EST,2019,4.28,NA,NA,
ROFST.H.3.URB,EST,2020,5.22,NA,NA,
ROFST.H.3.URB,EST,2021,6.97,NA,NA,
ROFST.H.3.URB,NPL,2001,40.85,NA,NA,
ROFST.H.3.URB,NPL,2007,25.37258911,NA,NA,
ROFST.H.3.URB,NPL,2011,12.6346302,NA,NA,
ROFST.H.3.URB,NPL,2014,9.940629959,NA,NA,
ROFST.H.3.URB,NPL,2016,19.24160004,NA,NA,
ROFST.H.3.URB,NPL,2019,14.21716976,NA,NA,
ROFST.H.3.URB,NPL,2022,15.3502903,NA,NA,
ROFST.H.3.URB,SLE,2008,22.22104073,NA,NA,
ROFST.H.3.URB,SLE,2010,24.27,NA,NA,
ROFST.H.3.URB,SLE,2013,20.60602951,NA,NA,
ROFST.H.3.URB,SLE,2017,22.28389931,NA,NA,
ROFST.H.3.URB,SLE,2019,16.11355019,NA,NA,
ROFST.H.3.URB.F,EST,2006,1.8,NA,NA,
ROFST.H.3.URB.F,EST,2007,6.95,NA,NA,
ROFST.H.3.URB.F,EST,2008,2.51,NA,NA,
ROFST.H.3.URB.F,EST,2009,1.54,NA,NA,
ROFST.H.3.URB.F,EST,2010,1.11,NA,NA,
ROFST.H.3.URB.F,EST,2011,0.98,NA,NA,
ROFST.H.3.URB.F,EST,2012,1.88,NA,NA,
ROFST.H.3.URB.F,EST,2013,3.45,NA,NA,
ROFST.H.3.URB.F,EST,2014,8.13,NA,NA,
ROFST.H.3.URB.F,EST,2015,5.97,NA,NA,
ROFST.H.3.URB.F,EST,2016,6.58,NA,NA,
ROFST.H.3.URB.F,EST,2017,3.26,NA,NA,
ROFST.H.3.URB.F,EST,2018,16,NA,NA,
ROFST.H.3.URB.F,EST,2019,4.86,NA,NA,
ROFST.H.3.URB.F,EST,2020,2.8,NA,NA,
ROFST.H.3.URB.F,EST,2021,6.7,NA,NA,
ROFST.H.3.URB.F,NPL,2001,42.55,NA,NA,
ROFST.H.3.URB.F,NPL,2007,24.19794083,NA,NA,
ROFST.H.3.URB.F,NPL,2011,12.13037014,NA,NA,
ROFST.H.3.URB.F,NPL,2014,9.464670181,NA,NA,
ROFST.H.3.URB.F,NPL,2016,21.6704998,NA,NA,
ROFST.H.3.URB.F,NPL,2019,13.61421967,NA,NA,
ROFST.H.3.URB.F,NPL,2022,18.11556053,NA,NA,
ROFST.H.3.URB.F,SLE,2008,30.40348053,NA,NA,
ROFST.H.3.URB.F,SLE,2010,26.42,NA,NA,
ROFST.H.3.URB.F,SLE,2013,22.32492065,NA,NA,
ROFST.H.3.URB.F,SLE,2017,24.69470978,NA,NA,
ROFST.H.3.URB.F,SLE,2019,17.68140984,NA,NA,
ROFST.H.3.URB.M,EST,2006,3.32,NA,NA,
ROFST.H.3.URB.M,EST,2007,7.6,NA,NA,
ROFST.H.3.URB.M,EST,2008,9.18,NA,NA,
ROFST.H.3.URB.M,EST,2009,4.72,NA,NA,
ROFST.H.3.URB.M,EST,2010,1.48,NA,NA,
ROFST.H.3.URB.M,EST,2011,4.68,NA,NA,
ROFST.H.3.URB.M,EST,2012,9.33,NA,NA,
ROFST.H.3.URB.M,EST,2013,7.3,NA,NA,
ROFST.H.3.URB.M,EST,2014,9.03,NA,NA,
ROFST.H.3.URB.M,EST,2015,5.02,NA,NA,
ROFST.H.3.URB.M,EST,2016,5.29,NA,NA,
ROFST.H.3.URB.M,EST,2017,4.91,NA,NA,
ROFST.H.3.URB.M,EST,2018,10.05,NA,NA,
ROFST.H.3.URB.M,EST,2019,3.65,NA,NA,
ROFST.H.3.URB.M,EST,2020,7.8,NA,NA,
ROFST.H.3.URB.M,EST,2021,7.27,NA,NA,
ROFST.H.3.URB.M,NPL,2001,38.85,NA,NA,
ROFST.H.3.URB.M,NPL,2007,26.50086975,NA,NA,
ROFST.H.3.URB.M,NPL,2011,13.08022976,NA,NA,
ROFST.H.3.URB.M,NPL,2014,10.34916019,NA,NA,
ROFST.H.3.URB.M,NPL,2016,16.6131897,NA,NA,
ROFST.H.3.URB.M,NPL,2019,14.86297989,NA,NA,
ROFST.H.3.URB.M,NPL,2022,12.43124008,NA,NA,
ROFST.H.3.URB.M,SLE,2008,15.56962013,NA,NA,
ROFST.H.3.URB.M,SLE,2010,22.63,NA,NA,
ROFST.H.3.URB.M,SLE,2013,18.61861992,NA,NA,
ROFST.H.3.URB.M,SLE,2017,19.10033989,NA,NA,
ROFST.H.3.URB.M,SLE,2019,14.35867023,NA,NA,